<?xml version="1.0" encoding="UTF-8"?>
<project-private xmlns="http://www.netbeans.org/ns/project-private/1">
    <editor-bookmarks xmlns="http://www.netbeans.org/ns/editor-bookmarks/2" lastBookmarkId="0"/>
    <open-files xmlns="http://www.netbeans.org/ns/projectui-open-files/2">
        <group>
            <file>file:/C:/xampp/htdocs/spk-saw-billy/connect.php</file>
            <file>file:/C:/xampp/htdocs/spk-saw-billy/page/user.php</file>
            <file>file:/C:/xampp/htdocs/spk-saw-billy/page/hasil.php</file>
            <file>file:/C:/xampp/htdocs/spk-saw-billy/page/beranda.php</file>
            <file>file:/C:/xampp/htdocs/spk-saw-billy/action/action_edit.php</file>
            <file>file:/C:/xampp/htdocs/spk-saw-billy/page/pegawai.php</file>
            <file>file:/C:/xampp/htdocs/spk-saw-billy/class/saw.php</file>
            <file>file:/C:/xampp/htdocs/spk-saw-billy/hasil.php</file>
            <file>file:/C:/xampp/htdocs/spk-saw-billy/ceklogin.php</file>
            <file>file:/C:/xampp/htdocs/spk-saw-billy/hasil_beranda.php</file>
        </group>
    </open-files>
</project-private>
